{"code_quality": 0.8333333333333334, "token_efficiency": 0.009202180353344946, "test_coverage": 1.0, "defect_rate": 1.0, "maintainability": 0.5453430081503106, "idiomatic": 0.78}