{"code_quality": 1.0, "token_efficiency": 0.0028287315099684777, "test_coverage": 0.22640000000000002, "defect_rate": 1.0, "maintainability": 0.614037856432474, "idiomatic": 0.78}