{"code_quality": 0.8333333333333334, "token_efficiency": 0.002173315873259279, "test_coverage": 1.0, "defect_rate": 1.0, "maintainability": 0.6666666666666666, "idiomatic": 0.68}