{"code_quality": 0.7888888888888889, "token_efficiency": 0.009774053008640678, "test_coverage": 0.92, "defect_rate": 1.0, "maintainability": 0.9801282051282051, "idiomatic": 0.68}