{"code_quality": 0.8333333333333334, "token_efficiency": 0.172915264184489, "test_coverage": 1.0, "defect_rate": 1.0, "maintainability": 0.8529253661036632, "idiomatic": 0.62}