{"code_quality": 1.0, "token_efficiency": 0.0029043783705069628, "test_coverage": 0.9787, "defect_rate": 1.0, "maintainability": 0.8949499193776159, "idiomatic": 0.82}