{"code_quality": 1.0, "token_efficiency": 0.01885664309889636, "test_coverage": 0.051, "defect_rate": 1.0, "maintainability": 0.7007676653910577, "idiomatic": 0.72}