{"code_quality": 0.8333333333333334, "token_efficiency": 0.010193485392783141, "test_coverage": 1.0, "defect_rate": 0.9738675958188153, "maintainability": 0.55906432748538, "idiomatic": 0.87}