{"code_quality": 0.8333333333333334, "token_efficiency": 0.042120914658610155, "test_coverage": 1.0, "defect_rate": 0.9239543726235742, "maintainability": 0.479372029675938, "idiomatic": 0.47}