{"code_quality": 0.7333333333333334, "token_efficiency": 0.003518876223764679, "test_coverage": 0.8375, "defect_rate": 1.0, "maintainability": 0.4946040165779401, "idiomatic": 0.68}