{"code_quality": 0.8333333333333334, "token_efficiency": 0.006899137968336082, "test_coverage": 0.05, "defect_rate": 1.0, "maintainability": 0.8198808751187142, "idiomatic": 0.67}