{"code_quality": 0.8333333333333334, "token_efficiency": 0.006649230113822851, "test_coverage": 1.0, "defect_rate": 1.0, "maintainability": 0.4656868050527674, "idiomatic": 0.77}