{"code_quality": 0.6666666666666666, "token_efficiency": 0.0042964474173963095, "test_coverage": 0.96, "defect_rate": 0.0, "maintainability": 0.7145735287959037, "idiomatic": 0.87}