{"code_quality": 0.8333333333333334, "test_coverage": 0.98, "no_regression": 1.0, "token_efficiency": 0.011230767310979946, "defect_rate": 1.0}