{"code_quality": 1.0, "token_efficiency": 0.008361290455981102, "test_coverage": 0.703, "defect_rate": 1.0, "maintainability": 0.5397693611394446, "idiomatic": 0.8}