{"code_quality": 0.8333333333333334, "token_efficiency": 0.005453711622603156, "test_coverage": 0.97, "defect_rate": 1.0, "maintainability": 0.9365498153988034, "idiomatic": 0.65}