{"code_quality": 0.8333333333333334, "token_efficiency": 0.010754359720590523, "test_coverage": 0.69, "defect_rate": 1.0, "maintainability": 0.9116116523516816, "idiomatic": 0.7}