{"code_quality": 1.0, "token_efficiency": 0.008039910338249915, "test_coverage": 0.33724999999999994, "defect_rate": 1.0, "maintainability": 0.6052994840865659, "idiomatic": 0.88}