{"code_quality": 0.8333333333333334, "token_efficiency": 1.0, "test_coverage": 1.0, "defect_rate": 1.0, "maintainability": 0.26787608946487657, "idiomatic": 0.2}