{"code_quality": 0.8333333333333334, "token_efficiency": 0.009910734491422974, "test_coverage": 1.0, "defect_rate": 0.8134511536573392, "maintainability": 0.5398398340114235, "idiomatic": 0.85}