{"code_quality": 0.7888888888888889, "token_efficiency": 0.0095744841369453, "test_coverage": 0.98, "defect_rate": 1.0, "maintainability": 0.9943019943019943, "idiomatic": 0.78}