{"code_quality": 0.8333333333333334, "token_efficiency": 0.00601925598049028, "test_coverage": 0.97, "defect_rate": 1.0, "maintainability": 0.8523110124720295, "idiomatic": 0.78}