{"code_quality": 0.9555555555555556, "token_efficiency": 0.009551098376313277, "test_coverage": 0.5660000000000001, "defect_rate": 1.0, "maintainability": 0.9467948717948719, "idiomatic": 0.38}