{"code_quality": 0.8333333333333334, "token_efficiency": 0.011847475599136712, "test_coverage": 1.0, "defect_rate": 1.0, "maintainability": 0.4737566137566138, "idiomatic": 0.88}