{"code_quality": 0.9555555555555556, "token_efficiency": 0.008174175524023037, "test_coverage": 0.591, "defect_rate": 1.0, "maintainability": 0.9424501424501424, "idiomatic": 0.68}