{"code_quality": 0.9555555555555556, "token_efficiency": 0.0050870589219992055, "test_coverage": 0.452, "defect_rate": 1.0, "maintainability": 0.9808367071524966, "idiomatic": 0.8}