{"code_quality": 1.0, "token_efficiency": 0.014296288034716659, "test_coverage": 0.9134, "defect_rate": 1.0, "maintainability": 0.606817318763415, "idiomatic": 0.9}