{"code_quality": 0.8333333333333334, "token_efficiency": 0.09188561379170716, "test_coverage": 1.0, "defect_rate": 1.0, "maintainability": 0.9363858438641294, "idiomatic": 0.89}