{"code_quality": 0.8333333333333334, "token_efficiency": 0.01217489065906193, "test_coverage": 1.0, "defect_rate": 1.0, "maintainability": 0.9543260346465177, "idiomatic": 0.87}