{"code_quality": 0.8333333333333334, "token_efficiency": 0.006752754675794569, "test_coverage": 1.0, "defect_rate": 1.0, "maintainability": 0.7688481475313232, "idiomatic": 0.78}