{"code_quality": 0.7888888888888889, "token_efficiency": 0.019188036012393585, "test_coverage": 0.99, "defect_rate": 1.0, "maintainability": 1.0, "idiomatic": 0.7}