{"code_quality": 0.8333333333333334, "token_efficiency": 1.0, "test_coverage": 0.81, "defect_rate": 1.0, "maintainability": 0.6524242415942507, "idiomatic": 0.38}