{"code_quality": 1.0, "token_efficiency": 0.01876805952496548, "test_coverage": 0.815, "defect_rate": 1.0, "maintainability": 0.5538584288436447, "idiomatic": 0.62}