{"code_quality": 0.6222222222222222, "token_efficiency": 0.021053233243150556, "test_coverage": 1.0, "defect_rate": 1.0, "maintainability": 1.0, "idiomatic": 0.88}