{"code_quality": 0.9555555555555556, "token_efficiency": 0.0075052888832599215, "test_coverage": 0.331, "defect_rate": 1.0, "maintainability": 0.976923076923077, "idiomatic": 0.75}