{"code_quality": 0.7333333333333334, "token_efficiency": 1.0, "test_coverage": 0.6917, "defect_rate": 1.0, "maintainability": 0.7676522084893765, "idiomatic": 0.65}