{"code_quality": 0.6222222222222222, "token_efficiency": 0.01947641330466675, "test_coverage": 1.0, "defect_rate": 1.0, "maintainability": 1.0, "idiomatic": 0.72}