{"code_quality": 0.8333333333333334, "token_efficiency": 0.013180815077539836, "test_coverage": 0.65, "defect_rate": 1.0, "maintainability": 0.8659999030359439, "idiomatic": 0.82}