{"code_quality": 0.8333333333333334, "token_efficiency": 0.011624293349718054, "test_coverage": 1.0, "defect_rate": 1.0, "maintainability": 0.9994871794871795, "idiomatic": 0.63}