{"code_quality": 1.0, "token_efficiency": 0.013572446181018948, "test_coverage": 0.884, "defect_rate": 1.0, "maintainability": 0.5878787878787879, "idiomatic": 0.8}