{"code_quality": 0.8333333333333334, "token_efficiency": 1.0, "test_coverage": 0.99, "defect_rate": 1.0, "maintainability": 0.26799689386972736, "idiomatic": 0.42}