{"code_quality": 0.8333333333333334, "token_efficiency": 0.010823041313823103, "test_coverage": 0.76, "defect_rate": 1.0, "maintainability": 0.9110497697529896, "idiomatic": 0.73}