{"code_quality": 1.0, "token_efficiency": 0.02247757754833162, "test_coverage": 0.602, "defect_rate": 1.0, "maintainability": 0.6287009308520866, "idiomatic": 0.4}