{"code_quality": 0.8333333333333334, "token_efficiency": 0.007778059526021108, "test_coverage": 1.0, "defect_rate": 1.0, "maintainability": 0.7328248546427257, "idiomatic": 0.87}