{"code_quality": 1.0, "token_efficiency": 0.04469900830339202, "test_coverage": 0.731, "defect_rate": 1.0, "maintainability": 0.8941699475574163, "idiomatic": 0.87}