{"code_quality": 0.7888888888888889, "token_efficiency": 0.006005271770718723, "test_coverage": 0.93, "defect_rate": 1.0, "maintainability": 1.0, "idiomatic": 0.76}