{"code_quality": 1.0, "token_efficiency": 0.002780662902984106, "test_coverage": 0.8896999999999999, "defect_rate": 1.0, "maintainability": 0.7868446179191187, "idiomatic": 0.78}