{"code_quality": 1.0, "token_efficiency": 0.009181756494179854, "test_coverage": 0.68, "defect_rate": 1.0, "maintainability": 0.9061670120393174, "idiomatic": 0.7}