{"code_quality": 0.6666666666666666, "token_efficiency": 0.014513529492755384, "test_coverage": 1.0, "defect_rate": 0.6951219512195121, "maintainability": 0.6437103872264865, "idiomatic": 0.8}