{"code_quality": 0.6666666666666666, "token_efficiency": 1.0, "test_coverage": 0.94, "defect_rate": 0.9985186701652682, "maintainability": 0.6025156885376571, "idiomatic": 0.78}