{"code_quality": 0.9555555555555556, "token_efficiency": 0.0046651292879336045, "test_coverage": 0.545, "defect_rate": 1.0, "maintainability": 0.8846153846153846, "idiomatic": 0.42}