{"code_quality": 1.0, "token_efficiency": 0.02108997322018572, "test_coverage": 0.636, "defect_rate": 1.0, "maintainability": 0.8438537414016857, "idiomatic": 0.6}