{"code_quality": 0.9555555555555556, "token_efficiency": 0.018156464035049422, "test_coverage": 0.263, "defect_rate": 1.0, "maintainability": 0.882051282051282, "idiomatic": 0.42}