{"code_quality": 0.8333333333333334, "token_efficiency": 0.009170170141926018, "test_coverage": 1.0, "defect_rate": 1.0, "maintainability": 0.9303227035596322, "idiomatic": 0.83}