{"code_quality": 0.8333333333333334, "token_efficiency": 0.010538474731423872, "test_coverage": 1.0, "defect_rate": 1.0, "maintainability": 0.9456264634083685, "idiomatic": 0.88}