{"code_quality": 0.8333333333333334, "token_efficiency": 0.01078116904663496, "test_coverage": 0.65, "defect_rate": 1.0, "maintainability": 0.9902564102564103, "idiomatic": 0.68}