{"code_quality": 0.8333333333333334, "token_efficiency": 0.0641233045309784, "test_coverage": 1.0, "defect_rate": 1.0, "maintainability": 0.8992823318046564, "idiomatic": 0.7}