{"code_quality": 0.7333333333333334, "token_efficiency": 1.0, "test_coverage": 0.7463, "defect_rate": 1.0, "maintainability": 0.8424079668376887, "idiomatic": 0.68}