{"code_quality": 0.8333333333333334, "token_efficiency": 0.010400131370080463, "test_coverage": 1.0, "defect_rate": 1.0, "maintainability": 0.5791864100194234, "idiomatic": 0.67}