{"code_quality": 0.6666666666666666, "token_efficiency": 1.0, "test_coverage": 0.96, "defect_rate": 1.0, "maintainability": 0.2882919673940721, "idiomatic": 0.7}