{"code_quality": 0.7888888888888889, "token_efficiency": 0.007830331388769285, "test_coverage": 0.88, "defect_rate": 1.0, "maintainability": 0.9641025641025641, "idiomatic": 0.68}