{"code_quality": 0.9555555555555556, "token_efficiency": 0.01447948592939834, "test_coverage": 0.405, "defect_rate": 1.0, "maintainability": 0.93006993006993, "idiomatic": 0.89}