{"code_quality": 0.6666666666666666, "token_efficiency": 1.0, "test_coverage": 0.94, "defect_rate": 0.9998266409517412, "maintainability": 0.28825900428751744, "idiomatic": 0.7}