{"code_quality": 0.8333333333333334, "token_efficiency": 0.0013532920957409589, "test_coverage": 0.8, "defect_rate": 1.0, "maintainability": 0.5600230299800965, "idiomatic": 0.58}