{"code_quality": 1.0, "token_efficiency": 0.00558476735222933, "test_coverage": 0.5663333333333334, "defect_rate": 1.0, "maintainability": 0.7919436860917389, "idiomatic": 0.86}