{"code_quality": 0.6666666666666666, "token_efficiency": 0.003989374879112289, "test_coverage": 0.95, "defect_rate": 0.0, "maintainability": 0.8066433616650986, "idiomatic": 0.2}