{"code_quality": 0.6666666666666666, "token_efficiency": 0.01020561624531108, "test_coverage": 1.0, "defect_rate": 0.8676293622141997, "maintainability": 0.7875571972401879, "idiomatic": 0.68}