{"code_quality": 0.8333333333333334, "token_efficiency": 0.001911991867460523, "test_coverage": 1.0, "defect_rate": 1.0, "maintainability": 0.32477568888718716, "idiomatic": 0.87}