{"code_quality": 0.9555555555555556, "token_efficiency": 0.030037534036956984, "test_coverage": 0.611, "defect_rate": 1.0, "maintainability": 0.9307692307692307, "idiomatic": 0.58}