{"code_quality": 0.8333333333333334, "test_coverage": 1.0, "no_regression": 1.0, "token_efficiency": 0.005779659000118993, "defect_rate": 1.0}