{"code_quality": 0.9555555555555556, "token_efficiency": 0.024188248891954495, "test_coverage": 0.6, "defect_rate": 1.0, "maintainability": 0.9243589743589743, "idiomatic": 0.58}