{"code_quality": 0.9555555555555556, "token_efficiency": 0.02908765710676922, "test_coverage": 0.299, "defect_rate": 1.0, "maintainability": 0.8628205128205129, "idiomatic": 0.45}