{"code_quality": 0.8333333333333334, "token_efficiency": 0.2748565087344107, "test_coverage": 1.0, "defect_rate": 1.0, "maintainability": 0.7707954270899019, "idiomatic": 0.58}