{"code_quality": 0.8333333333333334, "token_efficiency": 0.26998764784514123, "test_coverage": 1.0, "defect_rate": 1.0, "maintainability": 0.7381092013170192, "idiomatic": 0.8}