{"code_quality": 0.7333333333333334, "token_efficiency": 1.0, "test_coverage": 0.7241, "defect_rate": 1.0, "maintainability": 0.52846056721398, "idiomatic": 0.0}