{"code_quality": 1.0, "token_efficiency": 0.01761962972713032, "test_coverage": 0.68, "defect_rate": 1.0, "maintainability": 0.8527684767838734, "idiomatic": 0.58}