{"code_quality": 1.0, "token_efficiency": 0.009209094723708592, "test_coverage": 0.337, "defect_rate": 1.0, "maintainability": 0.885556227258744, "idiomatic": 0.74}