{"code_quality": 0.8333333333333334, "token_efficiency": 0.09017711639897767, "test_coverage": 1.0, "defect_rate": 1.0, "maintainability": 0.28424908424908424, "idiomatic": 0.68}