{"code_quality": 0.8333333333333334, "token_efficiency": 0.24577277461210356, "test_coverage": 1.0, "defect_rate": 1.0, "maintainability": 0.7902249882479909, "idiomatic": 0.75}