{"code_quality": 1.0, "token_efficiency": 0.011504435020194572, "test_coverage": 0.8690000000000001, "defect_rate": 1.0, "maintainability": 0.5274686079844345, "idiomatic": 0.88}