{"code_quality": 1.0, "token_efficiency": 0.0017158997667536468, "test_coverage": 0.8593999999999999, "defect_rate": 1.0, "maintainability": 0.7821057099461827, "idiomatic": 0.89}