{"code_quality": 0.7888888888888889, "token_efficiency": 0.007824699043378607, "test_coverage": 0.97, "defect_rate": 1.0, "maintainability": 0.9974358974358974, "idiomatic": 0.77}