{"code_quality": 0.8333333333333334, "token_efficiency": 0.008698050006815637, "test_coverage": 1.0, "defect_rate": 1.0, "maintainability": 0.4164428126231809, "idiomatic": 0.82}