{"code_quality": 0.8333333333333334, "token_efficiency": 1.0, "test_coverage": 0.7, "defect_rate": 0.9211045364891519, "maintainability": 0.6352564102564102, "idiomatic": 0.68}