{"code_quality": 0.7888888888888889, "token_efficiency": 0.012847773953300194, "test_coverage": 0.92, "defect_rate": 1.0, "maintainability": 0.9702564102564102, "idiomatic": 0.68}