{"code_quality": 0.8333333333333334, "token_efficiency": 0.01782038965569291, "test_coverage": 0.72, "defect_rate": 1.0, "maintainability": 0.7074147827011563, "idiomatic": 0.4}