{"code_quality": 0.8333333333333334, "token_efficiency": 0.0022869286317720376, "test_coverage": 1.0, "defect_rate": 1.0, "maintainability": 0.32560937005381446, "idiomatic": 0.87}