{"code_quality": 1.0, "token_efficiency": 0.008483030984720702, "test_coverage": 0.62775, "defect_rate": 1.0, "maintainability": 0.644000944096104, "idiomatic": 0.72}