{"code_quality": 0.8333333333333334, "token_efficiency": 0.22020224101717248, "test_coverage": 1.0, "defect_rate": 1.0, "maintainability": 0.792582010851946, "idiomatic": 0.7}