{"code_quality": 0.6666666666666666, "token_efficiency": 0.018798934038465512, "test_coverage": 0.27, "defect_rate": 0.5729537366548043, "maintainability": 0.46592099352156785, "idiomatic": 0.79}