{"code_quality": 0.8333333333333334, "token_efficiency": 1.0, "test_coverage": 0.94, "defect_rate": 1.0, "maintainability": 0.6029083925709299, "idiomatic": 0.87}