{"code_quality": 0.8333333333333334, "token_efficiency": 0.008561382051674055, "test_coverage": 0.07, "defect_rate": 1.0, "maintainability": 0.7469475771211324, "idiomatic": 0.4}