{"code_quality": 1.0, "token_efficiency": 0.0023538236650004155, "test_coverage": 0.877, "defect_rate": 1.0, "maintainability": 0.7548478829081327, "idiomatic": 0.85}