{"code_quality": 0.8333333333333334, "token_efficiency": 0.0023360550836418483, "test_coverage": 0.92, "defect_rate": 1.0, "maintainability": 0.7789803615614903, "idiomatic": 0.88}