{"code_quality": 0.6666666666666666, "token_efficiency": 0.01538696372864637, "test_coverage": 1.0, "defect_rate": 0.845708775313404, "maintainability": 0.8459587597307016, "idiomatic": 0.82}