{"code_quality": 0.8333333333333334, "token_efficiency": 0.039451909977822795, "test_coverage": 1.0, "defect_rate": 1.0, "maintainability": 0.926705331954414, "idiomatic": 0.57}