{"code_quality": 1.0, "token_efficiency": 0.002539741091430493, "test_coverage": 0.7916666666666665, "defect_rate": 1.0, "maintainability": 0.9616868007787408, "idiomatic": 0.7}