{"code_quality": 1.0, "token_efficiency": 0.0057036490516579165, "test_coverage": 0.4053333333333334, "defect_rate": 1.0, "maintainability": 0.5947261570150536, "idiomatic": 0.87}