{"code_quality": 1.0, "token_efficiency": 0.010942854368123865, "test_coverage": 0.621, "defect_rate": 1.0, "maintainability": 0.8836724164851216, "idiomatic": 0.57}