{"code_quality": 1.0, "token_efficiency": 0.016027923529333566, "test_coverage": 0.6829999999999999, "defect_rate": 1.0, "maintainability": 0.7839565431390061, "idiomatic": 0.58}