{"code_quality": 0.8333333333333334, "token_efficiency": 0.02048382801777996, "test_coverage": 0.53, "defect_rate": 1.0, "maintainability": 0.992948717948718, "idiomatic": 0.58}