{"code_quality": 0.8333333333333334, "token_efficiency": 0.005606356600500635, "test_coverage": 0.64, "defect_rate": 1.0, "maintainability": 0.9338998271091818, "idiomatic": 0.62}