{"code_quality": 0.8333333333333334, "token_efficiency": 0.006372759075054029, "test_coverage": 0.19, "defect_rate": 1.0, "maintainability": 0.8347168491010327, "idiomatic": 0.68}