{"code_quality": 1.0, "token_efficiency": 0.007921083645186632, "test_coverage": 0.843, "defect_rate": 1.0, "maintainability": 0.6524422715800066, "idiomatic": 0.77}