{"code_quality": 0.7333333333333334, "token_efficiency": 1.0, "test_coverage": 0.6597, "defect_rate": 1.0, "maintainability": 0.6964536694685212, "idiomatic": 0.28}