{"code_quality": 0.8333333333333334, "token_efficiency": 0.007182582390523881, "test_coverage": 1.0, "defect_rate": 1.0, "maintainability": 0.8433157758308764, "idiomatic": 0.88}