{"code_quality": 0.9555555555555556, "token_efficiency": 0.016995986168046477, "test_coverage": 0.584, "defect_rate": 1.0, "maintainability": 0.9391025641025642, "idiomatic": 0.32}