{"code_quality": 0.7888888888888889, "token_efficiency": 0.019755236863696832, "test_coverage": 0.97, "defect_rate": 1.0, "maintainability": 1.0, "idiomatic": 0.72}