{"code_quality": 0.8333333333333334, "token_efficiency": 0.00745658048809347, "test_coverage": 0.62, "defect_rate": 1.0, "maintainability": 0.7910495210292431, "idiomatic": 0.58}