{"code_quality": 0.6666666666666666, "token_efficiency": 0.005046107623256973, "test_coverage": 1.0, "defect_rate": 1.0, "maintainability": 0.6552046660666246, "idiomatic": 0.58}