{"code_quality": 0.8333333333333334, "token_efficiency": 0.007445982505732346, "test_coverage": 0.67, "defect_rate": 1.0, "maintainability": 0.6229272085907217, "idiomatic": 0.58}