{"code_quality": 1.0, "token_efficiency": 0.00871365196899489, "test_coverage": 0.657, "defect_rate": 1.0, "maintainability": 0.8543886316200285, "idiomatic": 0.82}