{"code_quality": 0.7888888888888889, "token_efficiency": 0.01877657900879962, "test_coverage": 0.96, "defect_rate": 1.0, "maintainability": 0.9984615384615384, "idiomatic": 0.67}