{"code_quality": 0.8333333333333334, "token_efficiency": 0.010811530989233244, "test_coverage": 1.0, "defect_rate": 0.9351491569390402, "maintainability": 0.24551282051282053, "idiomatic": 0.78}