{"code_quality": 0.8333333333333334, "token_efficiency": 0.005592405934808902, "test_coverage": 1.0, "defect_rate": 1.0, "maintainability": 0.45393019761161285, "idiomatic": 0.68}