{"code_quality": 1.0, "token_efficiency": 0.07514130189995441, "test_coverage": 0.647, "defect_rate": 1.0, "maintainability": 0.628563597584065, "idiomatic": 0.6}