{"code_quality": 0.9555555555555556, "token_efficiency": 0.0246200885854235, "test_coverage": 0.5760000000000001, "defect_rate": 1.0, "maintainability": 0.9276353276353276, "idiomatic": 0.38}