{"code_quality": 0.9555555555555556, "token_efficiency": 0.0210888271563114, "test_coverage": 0.6579999999999999, "defect_rate": 1.0, "maintainability": 0.9578347578347578, "idiomatic": 0.58}