{"code_quality": 0.8333333333333334, "token_efficiency": 0.0030564081610151487, "test_coverage": 1.0, "defect_rate": 0.6455696202531644, "maintainability": 0.48486233524162775, "idiomatic": 0.42}