{"code_quality": 0.8333333333333334, "token_efficiency": 0.09554557095823395, "test_coverage": 1.0, "defect_rate": 0.961340206185567, "maintainability": 0.25841329767710136, "idiomatic": 0.72}