{"code_quality": 0.8333333333333334, "token_efficiency": 0.10797411115625355, "test_coverage": 1.0, "defect_rate": 0.9220272904483431, "maintainability": 0.9005011435755779, "idiomatic": 0.68}