{"code_quality": 0.9555555555555556, "token_efficiency": 0.028180386451030083, "test_coverage": 0.611, "defect_rate": 1.0, "maintainability": 0.9374358974358974, "idiomatic": 0.42}