{"code_quality": 0.7888888888888889, "token_efficiency": 0.012674229934641375, "test_coverage": 0.97, "defect_rate": 1.0, "maintainability": 0.996011396011396, "idiomatic": 0.72}