{"code_quality": 0.8333333333333334, "token_efficiency": 0.0071030238048517625, "test_coverage": 0.56, "defect_rate": 1.0, "maintainability": 0.726996096060916, "idiomatic": 0.38}