{"code_quality": 1.0, "token_efficiency": 1.0, "test_coverage": 0.6859999999999999, "defect_rate": 1.0, "maintainability": 0.8671970181878063, "idiomatic": 0.7}