{"code_quality": 0.8333333333333334, "token_efficiency": 0.13488241886212596, "test_coverage": 1.0, "defect_rate": 1.0, "maintainability": 0.937024757497614, "idiomatic": 0.87}