{"code_quality": 1.0, "token_efficiency": 0.007512082517769235, "test_coverage": 0.726, "defect_rate": 1.0, "maintainability": 0.6695683377584447, "idiomatic": 0.87}