{"code_quality": 1.0, "token_efficiency": 0.012394692702571793, "test_coverage": 0.696, "defect_rate": 1.0, "maintainability": 0.8786458431676367, "idiomatic": 0.73}