{"code_quality": 0.7222222222222222, "token_efficiency": 0.002429152018292298, "test_coverage": 1.0, "defect_rate": 1.0, "maintainability": 0.2582750582750583, "idiomatic": 0.42}