{"code_quality": 1.0, "token_efficiency": 0.006954638147334321, "test_coverage": 0.841, "defect_rate": 1.0, "maintainability": 0.5137008915523803, "idiomatic": 0.78}