{"code_quality": 0.7888888888888889, "token_efficiency": 0.020996923321488063, "test_coverage": 0.98, "defect_rate": 1.0, "maintainability": 0.9954415954415955, "idiomatic": 0.72}