{"code_quality": 1.0, "token_efficiency": 0.007067442361560008, "test_coverage": 1.0, "defect_rate": 1.0, "maintainability": 0.8256847178753683, "idiomatic": 0.82}