{"code_quality": 1.0, "token_efficiency": 0.05996660088052225, "test_coverage": 0.77, "defect_rate": 1.0, "maintainability": 0.45958959925246146, "idiomatic": 0.76}