{"code_quality": 1.0, "token_efficiency": 0.005411055196008594, "test_coverage": 0.8370000000000001, "defect_rate": 1.0, "maintainability": 0.5887733332390159, "idiomatic": 0.88}