{"code_quality": 1.0, "token_efficiency": 0.009985310418788244, "test_coverage": 0.5156666666666666, "defect_rate": 1.0, "maintainability": 0.5533051931883609, "idiomatic": 0.82}