{"code_quality": 1.0, "token_efficiency": 0.005039284112497491, "test_coverage": 0.738, "defect_rate": 1.0, "maintainability": 0.4936835289466868, "idiomatic": 0.88}