{"code_quality": 0.8333333333333334, "token_efficiency": 0.011795222413010236, "test_coverage": 1.0, "defect_rate": 1.0, "maintainability": 0.948351257589438, "idiomatic": 0.85}