{"code_quality": 0.9555555555555556, "token_efficiency": 0.02390680398446733, "test_coverage": 0.03, "defect_rate": 1.0, "maintainability": 0.7675213675213675, "idiomatic": 0.68}