{"code_quality": 0.8333333333333334, "token_efficiency": 0.2758505216672422, "test_coverage": 1.0, "defect_rate": 1.0, "maintainability": 0.7757409722823795, "idiomatic": 0.78}