{"code_quality": 1.0, "token_efficiency": 0.007795900950716026, "test_coverage": 0.643, "defect_rate": 1.0, "maintainability": 0.6316984084859799, "idiomatic": 0.52}