{"code_quality": 1.0, "token_efficiency": 0.01118693507318672, "test_coverage": 0.868, "defect_rate": 1.0, "maintainability": 0.7147842885949416, "idiomatic": 0.75}