{"code_quality": 1.0, "token_efficiency": 0.021865955460451055, "test_coverage": 0.059000000000000004, "defect_rate": 1.0, "maintainability": 0.4718089093360243, "idiomatic": 0.55}