{"code_quality": 0.9555555555555556, "token_efficiency": 0.012901689128838253, "test_coverage": 0.569, "defect_rate": 1.0, "maintainability": 0.9014245014245015, "idiomatic": 0.45}