{"code_quality": 1.0, "token_efficiency": 0.019449956881772937, "test_coverage": 0.728, "defect_rate": 1.0, "maintainability": 0.8940431604291076, "idiomatic": 0.72}