{"code_quality": 0.7333333333333334, "token_efficiency": 1.0, "test_coverage": 0.36200000000000004, "defect_rate": 1.0, "maintainability": 0.9253030815252087, "idiomatic": 0.7}