{"code_quality": 1.0, "token_efficiency": 0.008783377506973273, "test_coverage": 0.877, "defect_rate": 1.0, "maintainability": 0.5046142508928065, "idiomatic": 0.83}