{"code_quality": 1.0, "token_efficiency": 0.04671890355095199, "test_coverage": 1.0, "defect_rate": 1.0, "maintainability": 0.6410637494204607, "idiomatic": 0.58}