{"code_quality": 0.7888888888888889, "token_efficiency": 0.013676185573545031, "test_coverage": 0.98, "defect_rate": 1.0, "maintainability": 0.9863247863247864, "idiomatic": 0.7}