{"code_quality": 0.7888888888888889, "token_efficiency": 0.010431599816989476, "test_coverage": 0.9, "defect_rate": 1.0, "maintainability": 0.9762820512820513, "idiomatic": 0.7}