{"code_quality": 0.9555555555555556, "token_efficiency": 0.02224074454138412, "test_coverage": 0.586, "defect_rate": 1.0, "maintainability": 0.9173076923076923, "idiomatic": 0.48}