{"code_quality": 1.0, "token_efficiency": 0.01708964110879968, "test_coverage": 0.759, "defect_rate": 1.0, "maintainability": 0.8937847337705117, "idiomatic": 0.88}