{"code_quality": 1.0, "token_efficiency": 0.019714000498081963, "test_coverage": 0.703, "defect_rate": 1.0, "maintainability": 0.8777790404105623, "idiomatic": 0.73}