{"code_quality": 1.0, "token_efficiency": 0.00987716067024441, "test_coverage": 1.0, "defect_rate": 1.0, "maintainability": 0.665177736174654, "idiomatic": 0.8}