{"code_quality": 1.0, "token_efficiency": 0.005773443723833136, "test_coverage": 0.6476999999999999, "defect_rate": 1.0, "maintainability": 0.5588596165104028, "idiomatic": 0.8}