{"code_quality": 0.7333333333333334, "token_efficiency": 1.0, "test_coverage": 1.0, "defect_rate": 1.0, "maintainability": 0.6500383291708297, "idiomatic": 0.77}