{"code_quality": 1.0, "token_efficiency": 0.07094766870394868, "test_coverage": 0.134, "defect_rate": 1.0, "maintainability": 0.4898804724663732, "idiomatic": 0.58}