{"code_quality": 0.6666666666666666, "token_efficiency": 0.008293465635028448, "test_coverage": 0.3, "defect_rate": 0.0, "maintainability": 0.6171392318233078, "idiomatic": 0.68}