{"code_quality": 1.0, "token_efficiency": 0.0038778341721316754, "test_coverage": 0.787, "defect_rate": 1.0, "maintainability": 0.5833060556464812, "idiomatic": 0.7}