{"code_quality": 0.8333333333333334, "token_efficiency": 0.0028868148760354795, "test_coverage": 1.0, "defect_rate": 1.0, "maintainability": 0.9052092948766717, "idiomatic": 0.88}