{"code_quality": 0.7333333333333334, "token_efficiency": 1.0, "test_coverage": 0.7837000000000001, "defect_rate": 1.0, "maintainability": 0.5269480340642242, "idiomatic": 0.82}