{"code_quality": 1.0, "token_efficiency": 0.02353678346422488, "test_coverage": 0.725, "defect_rate": 1.0, "maintainability": 0.8987149206065205, "idiomatic": 0.88}