{"code_quality": 1.0, "token_efficiency": 0.0017641516786349842, "test_coverage": 1.0, "defect_rate": 1.0, "maintainability": 0.5525455316446919, "idiomatic": 0.87}