{"code_quality": 0.8333333333333334, "token_efficiency": 0.5, "test_coverage": 1.0, "defect_rate": 0.6712328767123288, "maintainability": 0.5337307062842358, "idiomatic": 0.87}