{"code_quality": 1.0, "token_efficiency": 0.0017531121962912296, "test_coverage": 0.9265000000000001, "defect_rate": 1.0, "maintainability": 0.9221342857754475, "idiomatic": 0.88}