{"code_quality": 1.0, "token_efficiency": 0.015364241735757636, "test_coverage": 0.6579999999999999, "defect_rate": 1.0, "maintainability": 0.8469247833702193, "idiomatic": 0.58}