{"code_quality": 0.9555555555555556, "token_efficiency": 0.017686176925334796, "test_coverage": 0.5579999999999999, "defect_rate": 1.0, "maintainability": 0.9551282051282052, "idiomatic": 0.58}