{"code_quality": 0.9555555555555556, "token_efficiency": 0.02320908761234551, "test_coverage": 0.593, "defect_rate": 1.0, "maintainability": 0.927065527065527, "idiomatic": 0.7}