{"code_quality": 0.6666666666666666, "token_efficiency": 0.00848980300834324, "test_coverage": 1.0, "defect_rate": 0.2768361581920904, "maintainability": 0.7348771923457494, "idiomatic": 0.68}