run_id,replicate,status,language,model,tooling,_cost_usd,_duration_seconds,_tokens,_turns,code_quality,defect_rate,idiomatic,maintainability,test_coverage,token_efficiency
1,1,completed,go,claude-opus-4-8,none,6.568259749999999,1134.8916185419075,7014305.0,83.0,1.0,1.0,0.47,0.5905340320553515,0.4086666666666667,0.0059735069974858526
2,2,completed,go,claude-opus-4-8,none,5.122211249999999,972.1672322503291,4959319.0,60.0,1.0,1.0,0.88,0.580511428139585,0.47975,0.008920579619903458
3,1,completed,python,claude-opus-4-8,beads,5.460314999999999,962.4201016249135,6146871.0,79.0,0.8333333333333334,1.0,0.78,0.2912794227632372,0.92,1.0
4,2,completed,python,claude-opus-4-8,beads,4.92555475,956.4664870421402,5045227.0,66.0,0.8333333333333334,1.0,0.7,0.6051124641295361,0.8,1.0
5,1,completed,clojure,claude-opus-4-8,none,5.413007250000001,1099.1600059578195,5344221.0,62.0,0.8333333333333334,1.0,0.9,0.6421301191376171,1.0,0.005860536081872363
6,2,completed,clojure,claude-opus-4-8,none,4.663790499999998,995.7001113747247,4565262.0,58.0,0.8333333333333334,1.0,0.82,0.663665297094369,1.0,0.006036893391879809
