{"code_quality": 0.8333333333333334, "token_efficiency": 0.011624338804160923, "test_coverage": 1.0, "defect_rate": 1.0, "maintainability": 0.6880845845548608, "idiomatic": 0.82}