{"code_quality": 0.9555555555555556, "token_efficiency": 0.0036423455187496786, "test_coverage": 0.325, "defect_rate": 1.0, "maintainability": 0.9846153846153847, "idiomatic": 0.72}