{"code_quality": 0.7888888888888889, "token_efficiency": 0.006125403248663452, "test_coverage": 0.9, "defect_rate": 1.0, "maintainability": 0.9709401709401709, "idiomatic": 0.68}