{"code_quality": 1.0, "token_efficiency": 0.0067076783700250045, "test_coverage": 0.6485, "defect_rate": 1.0, "maintainability": 0.49769108180819094, "idiomatic": 0.88}