{"code_quality": 0.7888888888888889, "token_efficiency": 0.019210773249473765, "test_coverage": 0.96, "defect_rate": 1.0, "maintainability": 1.0, "idiomatic": 0.72}