{"code_quality": 0.8333333333333334, "token_efficiency": 0.004773415927594297, "test_coverage": 1.0, "defect_rate": 0.6958174904942966, "maintainability": 0.43772439951805303, "idiomatic": 0.2}