{"code_quality": 0.8333333333333334, "token_efficiency": 0.00819385184216155, "test_coverage": 0.96, "defect_rate": 1.0, "maintainability": 0.5372960372960373, "idiomatic": 0.87}