{"code_quality": 0.7333333333333334, "token_efficiency": 1.0, "test_coverage": 0.29410000000000003, "defect_rate": 1.0, "maintainability": 0.8613038256254869, "idiomatic": 0.68}