{"code_quality": 0.8333333333333334, "token_efficiency": 0.016392785780608432, "test_coverage": 1.0, "defect_rate": 0.9904625655698617, "maintainability": 0.3213816486543759, "idiomatic": 0.78}