{"code_quality": 0.6666666666666666, "token_efficiency": 1.0, "test_coverage": 0.89, "defect_rate": 0.9999566195337901, "maintainability": 0.28795966961348957, "idiomatic": 0.82}