{"code_quality": 1.0, "token_efficiency": 0.005749109748858225, "test_coverage": 0.701, "defect_rate": 1.0, "maintainability": 0.4279883298939728, "idiomatic": 0.68}