{"code_quality": 0.8333333333333334, "token_efficiency": 0.012732340733108591, "test_coverage": 0.98, "defect_rate": 1.0, "maintainability": 1.0, "idiomatic": 0.85}