{"code_quality": 0.8333333333333334, "token_efficiency": 0.0017936652241519377, "test_coverage": 0.96, "defect_rate": 1.0, "maintainability": 0.9022304296373923, "idiomatic": 0.77}