{"code_quality": 0.6666666666666666, "token_efficiency": 0.008285863387240045, "test_coverage": 1.0, "defect_rate": 0.9748743718592965, "maintainability": 0.5559553555008577, "idiomatic": 0.88}