{"code_quality": 1.0, "token_efficiency": 0.015317169475993164, "test_coverage": 0.754, "defect_rate": 1.0, "maintainability": 0.8933637196058664, "idiomatic": 0.68}