{"code_quality": 0.611111111111111, "token_efficiency": 0.0024441852832112402, "test_coverage": 1.0, "defect_rate": 0.8952879581151832, "maintainability": 0.6456410256410257, "idiomatic": 0.48}