{"code_quality": 0.8333333333333334, "token_efficiency": 0.0072072187503003015, "test_coverage": 0.98, "defect_rate": 1.0, "maintainability": 0.9057190958417937, "idiomatic": 0.52}