{"code_quality": 0.9555555555555556, "token_efficiency": 0.01690211979556757, "test_coverage": 0.6579999999999999, "defect_rate": 1.0, "maintainability": 0.978525641025641, "idiomatic": 0.8}