{"code_quality": 0.6666666666666666, "token_efficiency": 0.010384777348789757, "test_coverage": 0.46, "defect_rate": 0.9229287090558767, "maintainability": 0.7956490282544056, "idiomatic": 0.72}