{"code_quality": 0.8333333333333334, "token_efficiency": 0.021983864865693925, "test_coverage": 0.9, "defect_rate": 1.0, "maintainability": 0.9021835619358609, "idiomatic": 0.7}