{"code_quality": 0.9555555555555556, "token_efficiency": 0.017147132968686883, "test_coverage": 0.5820000000000001, "defect_rate": 1.0, "maintainability": 0.9256410256410256, "idiomatic": 0.62}