{"code_quality": 1.0, "token_efficiency": 0.006271822733179494, "test_coverage": 0.585, "defect_rate": 1.0, "maintainability": 0.8167270274640887, "idiomatic": 0.78}