{"code_quality": 0.7888888888888889, "token_efficiency": 0.009690566315468822, "test_coverage": 0.92, "defect_rate": 1.0, "maintainability": 0.9715099715099714, "idiomatic": 0.7}