{"code_quality": 1.0, "token_efficiency": 0.02875275223416656, "test_coverage": 0.669, "defect_rate": 1.0, "maintainability": 0.8793367060021039, "idiomatic": 0.76}