{"code_quality": 0.7333333333333334, "token_efficiency": 1.0, "test_coverage": 0.7719, "defect_rate": 1.0, "maintainability": 0.7862855625702245, "idiomatic": 0.38}