{"code_quality": 0.7333333333333334, "token_efficiency": 1.0, "test_coverage": 0.1761, "defect_rate": 1.0, "maintainability": 0.8487634826660102, "idiomatic": 0.38}