{"code_quality": 0.8333333333333334, "token_efficiency": 1.0, "test_coverage": 0.96, "defect_rate": 1.0, "maintainability": 0.2679891568984522, "idiomatic": 0.58}