{"code_quality": 0.6666666666666666, "token_efficiency": 0.006835527382318515, "test_coverage": 0.93, "defect_rate": 0.3870402802101576, "maintainability": 0.6659284323062206, "idiomatic": 0.45}