{"code_quality": 0.7333333333333334, "token_efficiency": 0.7857773083747979, "test_coverage": 1.0, "defect_rate": 1.0, "maintainability": 0.9025900052332384, "idiomatic": 0.85}