{"code_quality": 1.0, "token_efficiency": 0.007844925813536113, "test_coverage": 0.3213333333333333, "defect_rate": 1.0, "maintainability": 0.6693555404103915, "idiomatic": 0.88}