{"code_quality": 1.0, "token_efficiency": 0.0, "test_coverage": 0.5454545454545454, "defect_rate": 1.0, "maintainability": 0.8541093763325618, "idiomatic": 0.93}