{"code_quality": 0.8333333333333334, "token_efficiency": 0.012715747489375847, "test_coverage": 1.0, "defect_rate": 1.0, "maintainability": 0.7636830066361057, "idiomatic": 0.78}