{"code_quality": 0.6666666666666666, "token_efficiency": 0.006364772109568616, "test_coverage": 0.93, "defect_rate": 0.0, "maintainability": 0.7495507760821769, "idiomatic": 0.82}