{"code_quality": 1.0, "token_efficiency": 0.0247040212656838, "test_coverage": 0.649, "defect_rate": 1.0, "maintainability": 0.8906109251430965, "idiomatic": 0.9}