{"code_quality": 0.8333333333333334, "token_efficiency": 0.02018976706409492, "test_coverage": 1.0, "defect_rate": 0.970193740685544, "maintainability": 0.30491889063317634, "idiomatic": 0.83}