{"code_quality": 1.0, "token_efficiency": 0.004407010346060488, "test_coverage": 0.6526666666666666, "defect_rate": 1.0, "maintainability": 0.5448911466725409, "idiomatic": 0.76}