{"code_quality": 0.7888888888888889, "token_efficiency": 0.013505266357731764, "test_coverage": 0.93, "defect_rate": 1.0, "maintainability": 0.9851282051282051, "idiomatic": 0.68}