{"code_quality": 0.7888888888888889, "token_efficiency": 0.020592073071277115, "test_coverage": 0.98, "defect_rate": 1.0, "maintainability": 0.9933333333333333, "idiomatic": 0.58}