{"code_quality": 0.8333333333333334, "token_efficiency": 0.010921442067210553, "test_coverage": 1.0, "defect_rate": 1.0, "maintainability": 0.9363609088399306, "idiomatic": 0.88}