{"code_quality": 0.8333333333333334, "token_efficiency": 0.008840269364064129, "test_coverage": 0.14, "defect_rate": 1.0, "maintainability": 0.8200115812447071, "idiomatic": 0.88}