{"code_quality": 0.8333333333333334, "token_efficiency": 0.0069498016036394685, "test_coverage": 1.0, "defect_rate": 1.0, "maintainability": 0.4763071058328374, "idiomatic": 0.88}