{"code_quality": 0.9555555555555556, "token_efficiency": 0.020934861130449737, "test_coverage": 0.685, "defect_rate": 1.0, "maintainability": 0.9992673992673993, "idiomatic": 0.75}