{"code_quality": 0.8333333333333334, "token_efficiency": 0.012457176341785402, "test_coverage": 1.0, "defect_rate": 0.9271734182976786, "maintainability": 0.40553886784786614, "idiomatic": 0.88}