{"code_quality": 0.9555555555555556, "token_efficiency": 0.012586546529837518, "test_coverage": 0.685, "defect_rate": 1.0, "maintainability": 0.9476923076923077, "idiomatic": 0.55}