{"code_quality": 1.0, "token_efficiency": 0.017344705489540625, "test_coverage": 1.0, "defect_rate": 1.0, "maintainability": 0.686484432400211, "idiomatic": 0.62}