{"code_quality": 0.8333333333333334, "token_efficiency": 0.020225591187709918, "test_coverage": 1.0, "defect_rate": 0.8525798525798526, "maintainability": 0.6601025641025641, "idiomatic": 0.63}