{"code_quality": 1.0, "token_efficiency": 0.022413280750265687, "test_coverage": 0.74, "defect_rate": 1.0, "maintainability": 0.8922011307486043, "idiomatic": 0.94}