{"code_quality": 0.8333333333333334, "token_efficiency": 0.0015338082332360433, "test_coverage": 0.9574468085106383, "defect_rate": 1.0, "maintainability": 0.44910034319979286, "idiomatic": 0.78}