{"code_quality": 0.6666666666666666, "token_efficiency": 1.0, "test_coverage": 0.89, "defect_rate": 1.0, "maintainability": 0.28820783257773636, "idiomatic": 0.77}