{"code_quality": 0.8333333333333334, "token_efficiency": 0.007980777025994342, "test_coverage": 1.0, "defect_rate": 1.0, "maintainability": 0.6867561240060569, "idiomatic": 0.72}