{"code_quality": 0.9555555555555556, "token_efficiency": 0.012294652465192844, "test_coverage": 0.552, "defect_rate": 1.0, "maintainability": 0.9935897435897436, "idiomatic": 0.58}