{"code_quality": 1.0, "token_efficiency": 0.004491157553852143, "test_coverage": 0.7979999999999999, "defect_rate": 1.0, "maintainability": 0.5183829834822725, "idiomatic": 0.88}