{"code_quality": 0.7888888888888889, "token_efficiency": 0.008625999534251144, "test_coverage": 0.96, "defect_rate": 1.0, "maintainability": 0.9965811965811966, "idiomatic": 0.68}