{"code_quality": 1.0, "token_efficiency": 0.010667981487914478, "test_coverage": 0.503, "defect_rate": 1.0, "maintainability": 0.8674294321837706, "idiomatic": 0.78}