{"code_quality": 1.0, "token_efficiency": 0.010978956999085087, "test_coverage": 0.5454545454545454, "defect_rate": 1.0, "maintainability": 0.9635268454162379, "idiomatic": 0.95}