{"code_quality": 0.8333333333333334, "test_coverage": 0.99, "no_regression": 1.0, "token_efficiency": 0.01195961520806505, "defect_rate": 1.0}