{"code_quality": 1.0, "token_efficiency": 0.023745176340876393, "test_coverage": 0.71, "defect_rate": 1.0, "maintainability": 0.866479638208864, "idiomatic": 0.78}