{"code_quality": 1.0, "token_efficiency": 0.01773355918444018, "test_coverage": 0.84, "defect_rate": 1.0, "maintainability": 0.49448396925869637, "idiomatic": 0.88}