{"code_quality": 0.8333333333333334, "token_efficiency": 1.0, "test_coverage": 0.34, "defect_rate": 1.0, "maintainability": 0.6389476654592406, "idiomatic": 0.82}