{"code_quality": 0.8333333333333334, "token_efficiency": 0.005605697006297741, "test_coverage": 1.0, "defect_rate": 1.0, "maintainability": 0.7879817263654335, "idiomatic": 0.78}