{"code_quality": 0.8333333333333334, "token_efficiency": 0.009753276626229409, "test_coverage": 0.97, "defect_rate": 1.0, "maintainability": 0.9886039886039887, "idiomatic": 0.8}