{"code_quality": 0.7333333333333334, "token_efficiency": 1.0, "test_coverage": 0.9915999999999999, "defect_rate": 1.0, "maintainability": 0.6093774688494737, "idiomatic": 0.57}