{"code_quality": 1.0, "token_efficiency": 0.012185000601118951, "test_coverage": 0.5840000000000001, "defect_rate": 1.0, "maintainability": 0.6509855754402126, "idiomatic": 0.87}