{"code_quality": 0.6666666666666666, "token_efficiency": 0.03467675334334092, "test_coverage": 1.0, "defect_rate": 0.9011124845488258, "maintainability": 0.9201929117945986, "idiomatic": 0.62}