{"code_quality": 0.8333333333333334, "token_efficiency": 0.013443223744217197, "test_coverage": 0.9, "defect_rate": 1.0, "maintainability": 0.6217032967032967, "idiomatic": 0.77}