{"code_quality": 1.0, "token_efficiency": 0.007869227876449754, "test_coverage": 0.62, "defect_rate": 1.0, "maintainability": 0.44876085504904745, "idiomatic": 0.86}