{"code_quality": 0.8333333333333334, "token_efficiency": 0.013028990890794878, "test_coverage": 0.92, "defect_rate": 1.0, "maintainability": 0.8898250685896375, "idiomatic": 0.58}