{"code_quality": 0.7888888888888889, "token_efficiency": 0.00691016432016386, "test_coverage": 0.98, "defect_rate": 1.0, "maintainability": 1.0, "idiomatic": 0.8}