{"code_quality": 1.0, "token_efficiency": 0.022149546603240672, "test_coverage": 0.7340000000000001, "defect_rate": 1.0, "maintainability": 0.8922580242740401, "idiomatic": 0.89}