{"code_quality": 0.8333333333333334, "token_efficiency": 0.020719289262393303, "test_coverage": 0.96, "defect_rate": 1.0, "maintainability": 0.6838407227923958, "idiomatic": 0.73}