{"code_quality": 0.8333333333333334, "token_efficiency": 1.0, "test_coverage": 1.0, "defect_rate": 0.7215777262180975, "maintainability": 0.4788822321532451, "idiomatic": 0.58}