{"code_quality": 1.0, "token_efficiency": 0.006426706928958477, "test_coverage": 0.9856999999999999, "defect_rate": 1.0, "maintainability": 0.5725719356309124, "idiomatic": 0.82}