{"code_quality": 0.6666666666666666, "token_efficiency": 0.008988494173183249, "test_coverage": 1.0, "defect_rate": 0.9626517273576097, "maintainability": 0.6311355311355311, "idiomatic": 0.76}