{"code_quality": 0.8333333333333334, "token_efficiency": 0.010424828578826838, "test_coverage": 0.96, "defect_rate": 1.0, "maintainability": 0.8642001518535242, "idiomatic": 0.8}