{"code_quality": 1.0, "token_efficiency": 0.012848406619404062, "test_coverage": 0.674, "defect_rate": 1.0, "maintainability": 0.8537608573082426, "idiomatic": 0.78}