{"code_quality": 0.6666666666666666, "token_efficiency": 0.006003592829728392, "test_coverage": 1.0, "defect_rate": 1.0, "maintainability": 0.5106263706020194, "idiomatic": 0.88}