{"code_quality": 0.6666666666666666, "token_efficiency": 0.00827599434202009, "test_coverage": 1.0, "defect_rate": 0.868995633187773, "maintainability": 0.5719489516709017, "idiomatic": 0.32}