{"code_quality": 0.8333333333333334, "token_efficiency": 0.00640145290483821, "test_coverage": 0.68, "defect_rate": 1.0, "maintainability": 0.9213118734100316, "idiomatic": 0.88}