{"code_quality": 0.9555555555555556, "token_efficiency": 0.01765507316861927, "test_coverage": 0.598, "defect_rate": 1.0, "maintainability": 0.9211538461538461, "idiomatic": 0.6}