{"code_quality": 0.6666666666666666, "token_efficiency": 0.014562234641097651, "test_coverage": 1.0, "defect_rate": 0.41696113074204955, "maintainability": 0.6405187785355276, "idiomatic": 0.7}