{"code_quality": 0.8333333333333334, "token_efficiency": 0.00755696333279608, "test_coverage": 1.0, "defect_rate": 1.0, "maintainability": 0.7612126317806341, "idiomatic": 0.87}