{"code_quality": 1.0, "token_efficiency": 0.008281833161065438, "test_coverage": 0.644, "defect_rate": 1.0, "maintainability": 0.8357120883063294, "idiomatic": 0.48}