{"code_quality": 0.9555555555555556, "token_efficiency": 0.029013984406028554, "test_coverage": 0.612, "defect_rate": 1.0, "maintainability": 0.9333333333333332, "idiomatic": 0.4}