{"code_quality": 0.8333333333333334, "token_efficiency": 0.001281773542760038, "test_coverage": 1.0, "defect_rate": 0.9781540141998908, "maintainability": 0.3934465637707533, "idiomatic": 0.83}