{"code_quality": 0.9555555555555556, "token_efficiency": 0.005903419053000568, "test_coverage": 0.659, "defect_rate": 1.0, "maintainability": 0.958974358974359, "idiomatic": 0.7}